Test_label,f1_mean,f1_std,precision_mean,precision_std,recall_mean,recall_std
,0.699723728786,4.93961764228e-05,0.72930974759,5.51276494549e-05,0.682460900444,4.60352671927e-05
